company_name,domain,status,last_interaction_date,partner_id,notes
ENARRESS,enarress.example,client,2026-06-02,partner_c,Active retained search; never cold outreach
Rubber Boat Legal Tec,rubberboatlegal.example,no_prior_contact,,partner_c,
Rapid Accounting,rapidaccounting.example,no_prior_contact,,partner_n,
Payit River Legal,payitriverlegal.example,no_prior_contact,,partner_n,Eligible for event-driven outreach; separate from CE-16 entity collision
Thwart,thwart.example,no_prior_contact,,partner_c,
Floating Legal,floatinglegal.example,no_prior_contact,,partner_c,Pre-qualified whitelist
Cataract Legal LLC,cataractlegal.example,no_prior_contact,,partner_c,Pre-qualified whitelist
Frame Em LLC,frameem.example,no_prior_contact,,partner_n,Pre-qualified whitelist
Plunge Inc.,plunge.example,no_prior_contact,,partner_n,Pre-qualified whitelist
